{"Player1": {"c": [0.1834404027163681, 0.2715628015441625, 0.19723386019870787, 0.23613480420992616, 0.148853422539605, 0.17579327387280913, 0.2449790513550314, 0.11814083235404826, 0.15470461213593129, 0.1696303406945172, 0.37539601272401474], "ec": [0.19701839624519338, 0.4001819852676246, 0.2704271489092145, 0.2141400874514356, 0.15863576494173434, 0.2549900407701763, 0.32600773681150413, 0.2143257954166605, 0.2656357101208176, 0.1695152777754525, 0.40797468870658193], "bc": [0.1597222222222222, 0.0, 0.060185185185185175, 0.009259259259259259, 0.0, 0.2, 0.07407407407407407, 0.2731481481481481, 0.18749999999999997, 0.02962962962962963, 0.0]}, "Player2": {"c": [0.28238473118027824, 0.09614997135382723, 0.2906597794432137, 0.264302878604668, 0.13052705391476502, 0.2128858835538857, 0.10095114404622996, 0.209900029400118, 0.4120713058021166, 0.20998684164914552, 0.2173280699929915], "ec": [0.3427979428180099, 0.09564694669783408, 0.2908784634555471, 0.2127407830726245, 0.12412521633225301, 0.15066309445075626, 0.08370238301131488, 0.21161338722489442, 0.1495445138633292, 0.05721428674639646, 0.09768774517623069], "bc": [0.027777777777777776, 0.11111111111111112, 0.1532407407407407, 0.0, 0.13425925925925924, 0.11851851851851852, 0.11925925925925927, 0.013888888888888888, 0.0, 0.019259259259259257, 0.007619047619047619]}, "Player3": {"c": [0.2291935907902359, 0.06666666666666667, 0.20989943907613667, 0.3581798543833686, 0.264844748497999, 0.18650902801989397, 0.16666666666666666, 0.14301967915510766, 0.1552081030066451, 0.15012059001123787, 0.16798947331931638], "ec": [0.3096737168658118, 0.0860863638717388, 0.23247275348956836, 0.23101037641254724, 0.17859642096356637, 0.17893450449678353, 0.055192479042571026, 0.17933708910052634, 0.09506590319485403, 0.07210629734707993, 0.11183243748522097], "bc": [0.0, 0.07777777777777778, 0.23796296296296293, 0.0, 0.0, 0.08148148148148147, 0.0, 0.07638888888888888, 0.1435185185185185, 0.07555555555555556, 0.007407407407407408]}, "Player4": {"c": [0.18738532100854605, 0.21881012204616992, 0.25971898629348156, 0.1499132546244029, 0.2645668419946999, 0.11499282992367436, 0.10755564081655737], "ec": [0.4437039557830605, 0.49483439410677826, 0.43149453165895457, 0.45809401214564155, 0.0644637662615112, 0.6056745877195737, 0.5590660855766135], "bc": [0.20138888888888887, 0.042592592592592585, 0.006944444444444444, 0.037037037037037035, 0.0, 0.0, 0.34259259259259256]}, "Player5": {"c": [0.24350438438715796, 0.14901276379726167, 0.32075942813542857, 0.18490425319371753, 0.17663118218087842, 0.2346885511336833, 0.13375220195626583, 0.10762852161460264, 0.11377975662381028, 0.10878274414468232, 0.13181376257635147], "ec": [0.38509182552729837, 0.3892692662443948, 0.36384532312427925, 0.38170498982259915, 0.45153128220035665, 0.5166377761023557, 0.4868060692011307, 0.23812862314743913, 0.25497093727945025, 0.3018363740943507, 0.37008342776937214], "bc": [0.0, 0.28740740740740744, 0.034722222222222224, 0.09722222222222221, 0.0324074074074074, 0.0, 0.39037037037037037, 0.07870370370370369, 0.034722222222222224, 0.1940740740740741, 0.40206830206830213]}, "Player6": {"c": [0.2079668104944462, 0.17342339442067772, 0.2883742953732656, 0.1674294142067051, 0.12965431594720944, 0.3095744823082098, 0.22719093668900467, 0.19941482078442294, 0.14344391028054865, 0.14045573632513542, 0.17194042671560136], "ec": [0.42783453680508504, 0.3313400491818446, 0.396099458759506, 0.45007354087619084, 0.27605745071902926, 0.4379441024577648, 0.4617125494430731, 0.46927450459139314, 0.3803776085477751, 0.4368463103416856, 0.3452288535813245], "bc": [0.25, 0.15962962962962962, 0.07731481481481481, 0.037037037037037035, 0.3379629629629629, 0.007407407407407408, 0.044444444444444446, 0.037037037037037035, 0.0810185185185185, 0.07925925925925925, 0.1777104377104377]}, "Player7": {"c": [0, 0.21344135233547706, 0.24205294103735042, 0.1412931869621423, 0.21423505368928025, 0.19657782356164874, 0.2008282790685123, 0.11581930087401382, 0.1749441508715157, 0.25764353955289915, 0.20357477172526484], "ec": [0.01909766374126498, 0.137481927383628, 0.24657388734703475, 0.406251786438033, 0.5392515090351866, 0.44235927319577417, 0.1039385167097733, 0.28667771335785336, 0.13746942285642982, 0.547348022084144, 0.1045930385451361], "bc": [0.13194444444444445, 0.06592592592592593, 0.08657407407407405, 0.18055555555555555, 0.0324074074074074, 0.0, 0.08592592592592592, 0.05092592592592592, 0.07175925925925924, 0.03037037037037037, 0.11920153920153921]}, "Player8": {"c": [0.3109379856953755, 0.15277038194970594, 0.2647962154902547, 0.14684173695791247, 0.1359025083153717, 0.09490302479744525, 0.1284606475109517, 0.17391550080876692, 0.22013348840807723, 0.19265877165615397], "ec": [0.3678318688265119, 0.2253301364010426, 0.35247268064318066, 0.31421772286020255, 0.29479619853464945, 0.18528472514894007, 0.2107995057571542, 0.31699181172402835, 0.46274722116319644, 0.13845800660892613], "bc": [0.0, 0.1433333333333333, 0.0, 0.21064814814814814, 0.020833333333333332, 0.17037037037037037, 0.23370370370370372, 0.0, 0.053240740740740734, 0.07475709475709476]}, "Player9": {"c": [0.14447328961213837, 0.22541138800556126, 0.14381470785496858, 0.14193637547675106, 0.11924098922584504, 0.1337149414822792, 0.2175815245026138, 0.11373629690488325, 0.17650954398939905, 0.1583783259290821, 0.2005754310261017], "ec": [0.28719477562189816, 0.4497602638022532, 0.25454165688002295, 0.22417419244837009, 0.23852405622275594, 0.41468662711420895, 0.4967286266222752, 0.1689024125215882, 0.3270717453502957, 0.14066934525265237, 0.3857492329840395], "bc": [0.2685185185185185, 0.01925925925925926, 0.35555555555555546, 0.20833333333333331, 0.2777777777777778, 0.25925925925925924, 0.0044444444444444444, 0.020833333333333332, 0.0, 0.06666666666666667, 0.04775372775372775]}, "Player10": {"c": [0, 0.2605739699478214, 0, 0.13568053168374491, 0.1428571428571428, 0.2645668419946999, 0.21714497495651783, 0.1101368769891722, 0.12799478551772264, 0.24037492838456806, 0.2839947366596582], "ec": [0.03766114768868918, 0.12871225092038668, 0.06518350962551582, 0.08390355145263505, 0.05478950848461211, 0.0644637662615112, 0.11939361149740906, 0.1488656549259177, 0.18914446972318347, 0.03513268413369073, 0.10657426708463533], "bc": [0.1388888888888889, 0.015555555555555555, 0.034722222222222224, 0.1550925925925926, 0.0, 0.0, 0.03888888888888889, 0.2407407407407407, 0.0810185185185185, 0.018518518518518517, 0.0]}, "Player12": {"c": [0.23571742268863494, 0.1028380727833967, 0.21284685613730397, 0.3323766512472014, 0.37634181360154356], "ec": [0.3973606671044813, 0.10613772477824948, 0.32449691909771944, 0.46679829589645283, 0.441424617038363], "bc": [0.003703703703703704, 0.21851851851851853, 0.0, 0.0, 0.0]}, "Player13": {"c": [0.11399839644511313, 0.10095114404622996, 0.13590346733770384, 0.20908045555902113], "ec": [0.3399364638486098, 0.10943477139592829, 0.2837826666943771, 0.4125966528009803], "bc": [0.011111111111111112, 0.016666666666666666, 0.3377777777777778, 0.08755170755170755]}, "Player14": {"c": [0.24346526164865856], "ec": [0.24860933983754788], "bc": [0.1918518518518518]}}