{"Player1": {"xc": 0.5337777777777777, "yc": 0.13577777777777778}, "Player2": {"xc": 0.6383333333333333, "yc": 0.31566666666666676}, "Player3": {"xc": 0.6415000000000001, "yc": 0.7334999999999999}, "Player4": {"xc": 0.5630487804878048, "yc": 0.8014634146341462}, "Player5": {"xc": 0.47898305084745757, "yc": 0.34559322033898304}, "Player6": {"xc": 0.5635526315789474, "yc": 0.507236842105263}, "Player7": {"xc": 0.46634615384615385, "yc": 0.731923076923077}, "Player8": {"xc": 0.39229166666666665, "yc": 0.6729166666666666}, "Player9": {"xc": 0.37333333333333335, "yc": 0.38904761904761903}, "Player10": {"xc": 0.292, "yc": 0.6523333333333332}}