{"Player1": {"c": [0.20108509855722728, 0.22229191195013473, 0.15750851439419403, 0.18894955386608608, 0.11409008754883183, 0.22474855004165092, 0.24788603004402765, 0.12715810021196075, 0.1682720650716183, 0.1228823379777367, 0.2939420506522139], "ec": [0.16592858395199478, 0.2850770773986328, 0.2865532435574886, 0.2538064152014133, 0.11262495379591882, 0.2622776521223346, 0.2792195339392487, 0.24034551881775088, 0.2798692220435469, 0.17245263593101784, 0.32107438534617244], "bc": [0.09722222222222221, 0.1898148148148148, 0.06296296296296296, 0.03703703703703704, 0.03125, 0.16666666666666669, 0.036111111111111115, 0.25925925925925924, 0.33435846560846555, 0.03796296296296296, 0.025]}, "Player2": {"c": [0.19396704661834382, 0.08012497612818935, 0.23651065683778794, 0.18259621321302, 0.14533856564434616, 0.31873353759474354, 0.11863842091096137, 0.22017659268064477, 0.35591526273288415, 0.24999999999999997, 0.1811067249941596], "ec": [0.3862106902631505, 0.07868587043532217, 0.3430847753435369, 0.22696946911020055, 0.17650496217032366, 0.13345031267413057, 0.07525380667505507, 0.20215105279602033, 0.13054839665368032, 0.07056038415184698, 0.07677267603249077], "bc": [0.037037037037037035, 0.0287037037037037, 0.06874999999999999, 0.1050925925925926, 0.034722222222222224, 0.0, 0.04611111111111112, 0.09560185185185184, 0.037632275132275135, 0.0, 0.003703703703703704]}, "Player3": {"c": [0.15230037995167714, 0.05555555555555555, 0.21111639900655138, 0.39289421218124926, 0.25991110853922195, 0.21855346954600174, 0.12499999999999999, 0.1975325684901532, 0.21280179798991442, 0.17749671041228635, 0.13333333333333333], "ec": [0.3224979033868098, 0.07868587043532217, 0.2614152244004351, 0.1915782326125123, 0.08504507159287449, 0.13391005384780033, 1.2949833405775613e-10, 0.185030430094672, 0.08844519996779557, 0.07056038415184698, 0.07677267603249077], "bc": [0.07407407407407407, 0.023148148148148147, 0.050694444444444445, 0.0, 0.010416666666666666, 0.016666666666666666, 0.0, 0.05555555555555555, 0.03531746031746031, 0.010185185185185186, 0.0]}, "Player4": {"c": [0.14578337156442892, 0.12210670471594658, 0.2007882785953546, 0.1625193036051889, 0.3333333333333333, 0.0820500176706308, 0.10008240344664796], "ec": [0.45748018262153917, 0.43030828528169396, 0.35477310503495385, 0.4236452498217036, 0.1307092247265029, 0.558431517576613, 0.5432167534254315], "bc": [0.1435185185185185, 0.19305555555555556, 0.2650462962962963, 0.013888888888888888, 0.0, 0.2844907407407407, 0.2897486772486772]}, "Player5": {"c": [0.13835463808014944, 0.14617394007407278, 0.2002115340383914, 0.15337810360293816, 0.16776246498141228, 0.2676727691020075, 0.1372766119594901, 0.09862544015860701, 0.10584525778568456, 0.07369490721584494, 0.10742195329766772], "ec": [0.3656882315395009, 0.4189276368164178, 0.37493443156283557, 0.4048343255899293, 0.4673780914090259, 0.4460004727243608, 0.46513797839923454, 0.2745937038240017, 0.2827944624400899, 0.2817201577624971, 0.4282319455855393], "bc": [0.027777777777777776, 0.3007407407407407, 0.10231481481481482, 0.05416666666666666, 0.00810185185185185, 0.05555555555555556, 0.2637037037037037, 0.1412037037037037, 0.14011243386243386, 0.2990740740740741, 0.3990740740740741]}, "Player6": {"c": [0.1855797845394715, 0.1611753613672439, 0.23118281770028254, 0.11960457941778693, 0.13691214034806445, 0.3726270971122747, 0.18035079433655177, 0.1642619000282637, 0.12225548406415626, 0.10985698143699896, 0.17684601768250452], "ec": [0.4234060549368497, 0.220146381822372, 0.38910038023104543, 0.39207685856016106, 0.2826605049780727, 0.4012381711050134, 0.39209050451162514, 0.3871814828906922, 0.258590477316168, 0.4390499818393629, 0.26679507312500916], "bc": [0.1296296296296296, 0.13574074074074072, 0.08796296296296294, 0.1685185185185185, 0.1597222222222222, 0.016666666666666666, 0.2151851851851852, 0.022916666666666665, 0.12546296296296294, 0.27037037037037037, 0.1907407407407407]}, "Player7": {"c": [0, 0.21907366984182816, 0.23793939794778096, 0.11901610978651182, 0.15857419998823064, 0.19505999296675408, 0.20212855458754753, 0.0987040592361475, 0.1537407614146542, 0.1853360136246495, 0.21610453193568382], "ec": [1.647928102234543e-16, 0.1200352827107707, 0.2532025473870052, 0.45368603880654723, 0.5285776659544635, 0.3944956844920404, 0.07525380667505507, 0.30819943549097367, 0.12806024544907466, 0.49751674526004686, 0.12460315340845649], "bc": [0.0, 0.10055555555555556, 0.05138888888888889, 0.20532407407407405, 0.19444444444444442, 0.2203703703703704, 0.011111111111111112, 0.044444444444444446, 0.08958333333333333, 0.11111111111111112, 0.10037037037037037]}, "Player8": {"c": [0.19856050422269755, 0.13414918093383196, 0.19845221200739557, 0.1317857942042974, 0.10612954700439343, 0.09364629447267282, 0.1150417189038497, 0.10504022442494529, 0.1889812455694969, 0.1907334305458216], "ec": [0.3346812239424422, 0.2530532008212828, 0.3128298859184713, 0.3410338681030289, 0.3469856427346054, 0.2637627509749465, 0.20442364722974354, 0.3815714489030795, 0.521120539383957, 0.1769277090525379], "bc": [0.034722222222222224, 0.18833333333333332, 0.04722222222222222, 0.30324074074074076, 0.1412037037037037, 0.21666666666666667, 0.13277777777777777, 0.09027777777777778, 0.03287037037037036, 0.030925925925925926]}, "Player9": {"c": [0.09798411176241578, 0.17234975395542595, 0.10839186222591052, 0.13635295026371794, 0.1190728890630518, 0.17491919783986704, 0.17156878052169927, 0.09488468974596154, 0.1532530742233213, 0.13944005832749296, 0.15886010840476178], "ec": [0.28176287289441065, 0.5552526720731539, 0.27770183013688937, 0.274010535280429, 0.2444701747409892, 0.509027224154344, 0.5834865721977649, 0.20525734561347667, 0.3282018744021306, 0.0977402432128537, 0.4818842474580144], "bc": [0.2824074074074074, 0.04055555555555555, 0.16527777777777777, 0.11342592592592592, 0.26504629629629634, 0.3814814814814814, 0.27222222222222225, 0.028240740740740736, 0.08267195767195767, 0.11111111111111112, 0.15796296296296294]}, "Player10": {"c": [0, 0.23522538185559785, 0, 0.13583004374561972, 0.12499999999999999, 0.3333333333333333, 0.17641903639169831, 0.1265342032507432, 0.11479289993224671, 0.2824901312368591, 0.26798947331931644], "ec": [0.07492385687365909, 0.17436733038596056, 0.12493849586118329, 0.08166394422969411, 0.10749587555660263, 0.1307092247265029, 0.1396494612522239, 0.21739714831912785, 0.2433086183137075, 0.04527624683903634, 0.09911140818697113], "bc": [0.0, 0.1387037037037037, 0.0, 0.030555555555555558, 0.0, 0.0, 0.16518518518518518, 0.26944444444444443, 0.11286375661375661, 0.0, 0.04944444444444445]}, "Player12": {"c": [0.21074890688267914, 0.14610891805263537, 0.14823070808373542, 0.267557806230346, 0.28828956406142464], "ec": [0.378080688521042, 0.1307092247265029, 0.35082128298650717, 0.5166417421855279, 0.3943321213536758], "bc": [0.1075925925925926, 0.05555555555555556, 0.12333333333333334, 0.002777777777777778, 0.09351851851851851]}, "Player13": {"c": [0.1745908535795046, 0.11299605249474365, 0.12720307557099475, 0.21281529613855607], "ec": [0.3496919199627792, 0.12569298407200205, 0.28116894245069357, 0.4315069640901065], "bc": [0.013703703703703704, 0.016666666666666666, 0.3527777777777778, 0.05037037037037037]}, "Player14": {"c": [0.23440239937129223], "ec": [0.2882199671112913], "bc": [0.08888888888888889]}}